{
  "refs": [
    0.08539692092643737,
    0.49027988924450633,
    0.9913541759538211
  ],
  "num_screens": 3
}